y_true,pred_BL1_Static,pred_BL2_Weighted,pred_BL3_Ridge,pred_MLP_Regression,pred_XGB_Regression,pred_LightGBM_Regression,pred_CatBoost_Regression,pred_MLP_Pairwise,pred_XGB_Pairwise,pred_LightGBM_Pairwise,pred_CatBoost_Pairwise
0.9529826143243652,2.4223636164669435,-0.06698312442575506,0.9228995793492796,0.8715063,0.9861623,0.9741490452434352,0.985605269346794,1.5430284,-3.2278817,-3.387402248436237,-0.23948327839501882
0.9420882138645916,3.087539850310103,0.0863503429578241,0.9341469801150846,0.91951424,0.93733245,0.9736282153981837,0.9262658600972361,0.8323416,-2.5502017,-2.863576809191888,-0.02884813080519373
0.8215784522439853,2.486922267691689,-0.05699881350434682,0.9117697635319094,0.8038417,0.94560987,0.9413011688450099,0.9433500021861658,0.47689456,-3.2359421,-3.3975349457947757,-0.5148629629721299
0.967739137233419,3.5900405772265915,0.04731833900686892,0.9904495628033461,0.8417117,1.045211,1.0276514079333823,1.0357448138591592,2.7001796,-2.2345278,-1.495522150703852,1.4308005561496298
1.0124875572824017,3.872970656019248,0.17197297269871925,1.0289055214835945,0.9735274,1.0828452,1.0880705536289208,1.0829059148689897,4.87756,-0.21238084,0.4742667840354274,1.9900708200191837
0.9718977578974926,2.3443014123075256,-0.04587615098620858,0.9111295250339786,0.84538263,0.8827603,0.8818353041372802,0.8821717873238543,0.26474947,-3.1957858,-3.376135575241719,-0.8770168287676655
0.9183882706495388,3.073190688107216,0.08416630388544522,0.9464082591996091,0.8281363,1.0664997,0.9870011327845664,1.0627907011279598,2.3234668,-2.5421412,-2.842585894514988,0.3358621186874872
0.9042947193819848,3.06579189573921,0.08304025247907282,0.9462418288044143,0.8279964,1.0305412,0.9840313773004539,1.035924273204372,2.3153298,-2.5421412,-2.842585894514988,0.2943759158894109
1.1645915457593266,4.242852289418535,0.359664629576345,1.0350141544542475,1.1382941,1.0851291,1.1280487666522498,1.0653085130332718,6.2155223,-0.484183,0.8858490061530291,2.4343244689529793
0.9770128798776384,2.302873808855214,-0.08558570113809011,0.947282890470765,0.8293859,0.990568,0.960258784222961,0.9601894968596666,0.5034296,-3.2278817,-3.387402248436237,-0.3313588459485907
0.985710962070216,2.3176979399876725,-0.05002814169701511,0.9231118766313587,0.8744547,0.9693298,0.9899895261643082,0.9625012317470921,1.4009869,-3.187725,-3.376135575241719,-0.21858566896234058
1.114023561205869,2.321489864020056,-0.06691374149540405,0.9107976687275402,0.7927932,0.903499,0.8890414950383037,0.8984421517355605,0.0015114918,-2.7818925,-3.3406261059597187,-0.9134755303773034
1.0150334087965152,3.8770263351330647,0.29940459498357164,1.0070722525727356,1.0930388,1.1066169,1.0946118740136994,1.1058075552582776,5.1852455,-0.65059674,-1.1350657764327785,2.1896242149406477
0.8577402816465645,3.0804380558859985,0.08526936981841232,0.9339868479308857,0.9188709,0.9466449,0.9507152844584975,0.9516002236517701,0.82716197,-2.5502017,-2.842585894514988,-0.15879601084264236
0.5271945590977336,2.9197667097223245,-0.3409412892982554,0.628785956040414,0.53864574,0.5496046,0.526288902533477,0.563934112805021,-5.6540556,-3.8433158,-3.6721894944279545,-1.682411734760503
0.6005947318349303,2.9837619519060707,-0.33120267839463874,0.6176346626375109,0.6158107,0.5279783,0.5176498976137673,0.535150062652235,-5.7187414,-3.8433158,-3.6721894944279545,-1.8825194526294118
1.0077949162706474,4.0927551879023545,0.24344873989638147,1.0061727337161823,0.9922462,1.1268996,1.1289554563908686,1.1278523025363647,5.595453,0.15448919,0.9044343399459608,2.68083105028849
1.039372233269179,4.154886901273926,0.1174351897197714,1.1047545689736111,0.9848454,1.1311016,1.1054624904017536,1.1331482538568964,5.309462,0.23941903,0.6516003620704978,2.776467690993315
0.6392869293730702,3.472696658437277,-0.2565252739889612,0.6690297705557464,0.56347686,0.69434166,0.7025978813815692,0.6818123681017613,-5.337225,-3.8433158,-3.471845805443635,-1.2056745186680764
0.6170703931984088,3.357056055734378,-0.27428348841193817,0.6660437991091545,0.5541269,0.7010175,0.7029565091914753,0.6920458754154637,-5.358613,-3.8433158,-3.5612873813678587,-1.3690097800162748
0.8215369468335612,2.507242902250062,-0.020624464234622726,0.9274744860780086,0.8791022,0.92073023,0.938223884512488,0.9196350571655221,1.5063616,-3.187725,-3.376135575241719,-0.22402875176233317
1.010545337025025,2.486922267691689,-0.05699881350434682,0.9117697635319094,0.8038417,0.94560987,0.9413011688450099,0.9433500021861658,0.47689456,-3.2359421,-3.3975349457947757,-0.5148629629721299
0.9272349485876904,2.372018132957708,-0.0747998656916678,0.948815890479038,0.83061975,1.0060786,0.9730868843595959,1.0081299390244365,0.61813617,-3.2278817,-3.387402248436237,-0.39562851901861207
0.637155355843391,4.028907009198427,-0.16880398175172992,0.6905452948176845,0.6054478,0.6205323,0.6595081134300909,0.6375990199452015,-5.173318,-1.7481549,-1.5652453812186542,-0.4752775115533047
1.0402100014437266,2.9883202851425583,0.16220266081246887,0.9552860627766987,0.8503019,0.84574246,0.8690950330908722,0.8692819580276954,0.9553305,-2.382634,-3.233248543595647,-0.629383608535838
1.105131831295639,3.874838299084038,0.2990555453733279,1.0069782035669863,1.0931456,1.1107668,1.0946118740136994,1.1058075552582776,5.177971,-0.65322685,-1.1350657764327785,2.1896242149406477
0.8900406105509417,3.0804380558859985,0.08526936981841232,0.946571478447951,0.8282724,0.98211277,0.9755152308426341,0.9790952860848461,2.331483,-2.5421412,-2.842585894514988,0.4016350021382022
1.2490518005172688,3.608811929784362,0.16628219923561957,0.9865327957305473,0.9768115,1.0483706,1.0535485443256445,1.0885793757139623,4.4410768,-1.2938877,-2.723492579924178,1.9812493944219833
0.8849725342850194,2.173099787280847,-0.10601924027085917,0.9444355728906118,0.8267877,0.9851689,0.9623407815545372,0.9824127390362666,0.28268287,-3.2278817,-3.387402248436237,-0.34714612301501796
1.1821040823229276,4.628537571704921,0.43197513418228284,1.2799513349683154,1.0930514,1.2330273,1.238476761739854,1.2679589052366183,6.2646174,1.8618494,3.746351676991469,5.191588037777345
0.9576404093213028,2.414438380476053,-0.06821173397362991,0.9101373545448697,0.80328894,0.95310503,0.9432144379375064,0.9211470514910505,0.43647376,-3.2359421,-3.387402248436237,-0.4995972158153116
0.8886928894670032,2.324534068876455,-0.0489603362763521,0.9232663750472767,0.8746521,0.96920455,0.9719603374963448,0.9762593340215877,1.4046115,-3.187725,-3.376135575241719,-0.24318056705307645
0.8371474420130477,2.380904760848197,-0.07341799708495021,0.9093881132273778,0.80308336,0.97858906,0.9432144379375064,1.0133318632709705,0.41728437,-3.2359421,-3.387402248436237,-0.5196784879640451
0.9221485866564816,2.321489864020056,-0.06691374149540405,0.9233822992446055,0.8622654,0.89107615,0.9122184309940728,0.8944749775760816,1.0136417,-2.7818925,-3.3406261059597187,-0.47542931956179935
0.9143596539050955,2.31073014847838,-0.051117165445856455,0.9229545861457269,0.8742528,0.97170305,0.997569802659449,0.9710224610824247,1.397222,-3.187725,-3.376135575241719,-0.1449326025310579
0.7913101796114416,3.477915910622481,0.009680857095025142,0.9720099048017102,0.8121741,0.98518497,0.9971734121227879,0.9812111694188141,1.5468619,-2.7138717,-2.235009535847872,0.6957197746409061
1.0198720640185015,2.327792973503675,-0.06592949194749279,0.9109408638036619,0.7931272,0.8491957,0.8687413803047271,0.855968921237055,0.006593615,-2.7818925,-3.3406261059597187,-0.834757693655776
1.10922111734456,2.321489864020056,-0.06691374149540405,0.9233822992446055,0.8622654,0.89107615,0.9122184309940728,0.8944749775760816,1.0136417,-2.7818925,-3.3406261059597187,-0.47542931956179935
1.0452375358563852,2.9997066429520403,0.03715045897517808,0.9677315058514163,0.829425,0.9678522,1.0201751501583873,0.9404054032028,1.833686,-2.7111356,-2.951736631777519,0.13871409465064452
0.9672272327276064,2.459614314968367,-0.06121711397765373,0.9237371757456516,0.8695615,0.94856954,0.9512443829193515,0.9543332071786274,1.5679374,-3.2278817,-3.3975349457947757,-0.3083108931045534
0.8879026190053687,2.3018935157301463,-0.06997721866480577,0.9229381449055994,0.8623781,0.94486076,0.9516089061515012,0.9494560975446636,0.99751467,-2.7818925,-3.3406261059597187,-0.4481569427988813
0.8497850567921563,2.230801713268358,-0.09689989585739175,0.9456973332204259,0.8279891,0.986587,0.9614279690777481,0.9895998822981311,0.38204852,-3.2278817,-3.387402248436237,-0.3481237814281823
1.0202473417018634,3.3773031049893567,0.11222418342872371,0.9813620739504609,0.94433546,1.0911978,1.061098348701823,1.0797806760798205,3.6978648,-1.8406276,-0.7393114640644931,2.141774087482526
0.6436375433365872,4.066927636646563,-0.16257194820835466,0.693171760513985,0.60907453,0.63971025,0.6595081134300909,0.6479062829618775,-5.1520233,-1.7959797,-1.5652453812186542,-0.4853220505984248
1.0105956109113552,3.5260201946986114,0.21656094774990875,0.9946816351816252,1.0784839,1.0668817,1.0852474366218043,1.0482173273984456,3.9970376,-2.5688863,-2.0322940864049674,1.2771377900042147
1.102140586312319,2.2963778355741216,-0.05336246548000216,0.9226311678986429,0.8738343,1.0033622,1.0179300570829086,1.0215314355432337,1.3895909,-3.187725,-3.3660028778831803,-0.11029832236295929
0.8538341718018481,2.3018935157301463,-0.06997721866480577,0.9229381449055994,0.8623781,0.94486076,0.9516089061515012,0.9494560975446636,0.99751467,-2.7818925,-3.3406261059597187,-0.4481569427988813
0.7639330369466547,1.5037532766658153,-0.2199280090382858,0.8904439517995325,0.81626266,0.8747589,0.9206442843523972,0.8627872636064146,-0.28973266,-3.2359421,-3.387402248436237,-0.4589503249799118
0.9805444795403384,3.736987040621548,0.0499370274282491,0.9933804701322073,0.8355512,0.99817973,1.0028482512617123,0.9933377344147818,2.6136448,-1.1863136,-0.9556244607830986,1.1881706060107065
0.7765287375054059,1.8741633253934475,-0.21191382297872838,0.9286476793169444,0.7792685,0.8080684,0.8299257808662198,0.8094221916898534,-1.9871649,-3.6347342,-3.6721894944279545,-1.0309922559535267
0.8006597164347259,1.9385967849178165,-0.20125547742719338,0.930080779579458,0.7813112,0.9111449,0.8596201115373396,0.9350284175267914,-1.9227167,-3.6347342,-3.6721894944279545,-1.0323219840686464
0.7635217274080991,2.308544423220635,-0.06893689566319325,0.9105040849542048,0.7922472,0.8934157,0.916926296060878,0.912427683104492,-0.008927971,-2.7818925,-3.3406261059597187,-0.7924868638924698
1.0504870225958367,2.389061771349718,-0.006337695264703371,0.9573299871769321,0.9721209,0.95461106,0.9126889608849725,0.9420892293449891,0.52011675,-2.7339396,-3.3539448045747937,-0.6230852510619063
0.9078293916735376,2.459614314968367,-0.06121711397765373,0.9237371757456516,0.8695615,0.94856954,0.9512443829193515,0.9543332071786274,1.5679374,-3.2278817,-3.3975349457947757,-0.3083108931045534
0.8100023414218505,2.3506584606866445,-0.04488536924590224,0.911273863951503,0.8461754,0.95889276,0.9299794319635102,0.9533691182915014,0.26758766,-3.1957858,-3.376135575241719,-0.7809407430669287
0.9464966724769838,2.54443427789929,0.06656072605647292,0.9401253093886198,0.8037593,0.8836512,0.8647022552528763,0.8902900684531636,0.30545574,-2.6363113,-2.715930661347152,-0.7393971012446704
0.9760215720913528,2.4451630376780056,-0.06345234037293591,0.9234116588356052,0.87031364,0.9762766,0.9806366414086461,0.9563458021672764,1.5581759,-3.2278817,-3.3975349457947757,-0.31356856180469184
0.5471113828418567,2.991019737699366,-0.3300983508030013,0.617798102812815,0.6162593,0.462909,0.5194338128682678,0.45581662724175026,-5.7178054,-3.8433158,-3.6721894944279545,-1.7713128842752544
0.8534153311906142,2.332005731972253,-0.16579670434635513,0.908108054194926,0.81255645,0.8874653,0.8790913836452718,0.886524778168882,-0.54578054,-3.8430266,-3.6721894944279545,-0.9623665239853159
0.3852646853415093,2.991019737699366,-0.3300983508030013,0.617798102812815,0.6162593,0.462909,0.5194338128682678,0.45581662724175026,-5.7178054,-3.8433158,-3.6721894944279545,-1.7713128842752544
0.8461461109222621,2.629531927365563,0.3788594139465217,0.9699746101928354,1.1669898,0.9390158,0.9387323714797542,0.9440497077106882,1.0085135,-2.4108841,-3.208592087956441,0.007530334312577905
0.9445665324268924,2.972699262886013,0.1598257741347226,0.9549357399689689,0.84893686,0.8310181,0.8829388988001149,0.8610535430813598,0.9370287,-2.382634,-3.233248543595647,-0.6339837644488135
0.8586881784096335,2.321489864020056,-0.06691374149540405,0.9233822992446055,0.8622654,0.89107615,0.9122184309940728,0.8944749775760816,1.0136417,-2.7818925,-3.3406261059597187,-0.47542931956179935
1.050059276937484,3.017663575466613,0.16666744791984112,0.9433618124296321,0.9338404,0.9985383,0.9750705480417143,0.9959224482402028,1.5884184,-2.3906944,-3.233248543595647,-0.07331857677283886
0.9575530927929689,2.3176979399876725,-0.05002814169701511,0.9231118766313587,0.8744547,0.9693298,0.9899895261643082,0.9625012317470921,1.4009869,-3.187725,-3.376135575241719,-0.21858566896234058
0.9175246827377604,2.312726111976791,-0.16880787071491155,0.9076706164735526,0.812712,0.87390846,0.8899257438403291,0.8780966641999287,-0.5591445,-3.8430266,-3.6721894944279545,-0.9560400400301827
1.0561409966636606,2.762147111878153,-0.014792715237619011,0.9307817267031102,0.86364377,0.9751677,0.9409414987127738,0.9426149960607983,1.7904469,-3.2278817,-3.3975349457947757,-0.10434211393775539
1.0565917606197943,2.3176979399876725,-0.05002814169701511,0.9231118766313587,0.8744547,0.9693298,0.9899895261643082,0.9625012317470921,1.4009869,-3.187725,-3.376135575241719,-0.21858566896234058
0.8444934455376597,3.0032916011580766,0.164480646220203,0.943037977238003,0.93287724,0.8387166,0.8879257549922263,0.842804735939631,1.5695223,-2.3906944,-3.233248543595647,-0.36919040685814475
1.0814998111442309,2.54443427789929,0.06656072605647292,0.9401253093886198,0.8037593,0.8836512,0.8647022552528763,0.8902900684531636,0.30545574,-2.6363113,-2.715930661347152,-0.7393971012446704
1.1756239080712012,4.100637884716593,0.2263976065521177,1.0868912745175803,1.0332408,1.1976026,1.1993970766366913,1.1789697114034716,6.3249087,1.0364592,3.4751607973412963,4.560556587303001
0.8976040055712828,2.308544423220635,-0.06893689566319325,0.92308871547127,0.8623401,0.93970054,0.9548715653176708,0.9451026159403841,1.003182,-2.7818925,-3.3406261059597187,-0.47361129585398776
0.6520442775793456,2.3256925454720863,-0.1667821742568683,0.9079646454231282,0.81260717,0.8406063,0.8718429768760196,0.8413623479857061,-0.55021566,-3.8430266,-3.6721894944279545,-0.9964283672586756
0.969892371995261,2.63983317252531,-0.09794627370809401,0.9457981275911944,0.80075574,0.9485004,0.9447567154427896,0.9056538840014221,-0.7894695,-3.785864,-3.6721894944279545,-0.3638525861295937
0.8816122964084648,2.308544423220635,-0.06893689566319325,0.9105040849542048,0.7922472,0.8934157,0.916926296060878,0.912427683104492,-0.008927971,-2.7818925,-3.3406261059597187,-0.7924868638924698
0.9457674313010056,3.360234591440734,0.16481777865329683,0.9840440650435343,1.0478966,1.0942347,1.0699305163118424,1.0674695982258644,3.0597255,-2.591865,-2.4758919528202186,1.4160237416283008
0.2911279040069325,2.9610686810028173,-0.3346557459071451,0.6297094647176251,0.5409118,0.6028262,0.5950773234074591,0.5849653437243063,-5.6497097,-3.8433158,-3.6721894944279545,-1.7471262782200658
1.269313939305402,3.872970656019248,0.17197297269871925,1.0289055214835945,0.9735274,1.0828452,1.0880705536289208,1.0829059148689897,4.87756,-0.21238084,0.4742667840354274,1.9900708200191837
0.5162948947076745,2.9610686810028173,-0.3346557459071451,0.6297094647176251,0.5409118,0.6028262,0.5950773234074591,0.5849653437243063,-5.6497097,-3.8433158,-3.6721894944279545,-1.7471262782200658
1.0140041869663292,3.562169662662222,0.14069362655037465,0.9919341967530984,0.98198485,1.1078247,1.0955673422343033,1.112490351491628,4.685856,-0.91582394,-0.48116649957916413,2.7752804390825956
0.8289428634247444,2.4802822175816805,-0.058023867762419544,0.9116194232105033,0.80368924,0.9819447,0.937934641373348,0.9789677092789473,0.47320765,-3.2359421,-3.3975349457947757,-0.5902565662881539
0.570854922588544,3.249356843872538,-0.29075021049587213,0.6634073008560428,0.54519635,0.7004577,0.7029565091914753,0.7153256674531034,-5.3787885,-3.8433158,-3.5612873813678587,-1.3723958397692135
0.9381934379907892,2.3256925454720863,-0.1667821742568683,0.9079646454231282,0.81260717,0.8406063,0.8718429768760196,0.8413623479857061,-0.55021566,-3.8430266,-3.6721894944279545,-0.9964283672586756
0.8695820086641354,2.54443427789929,0.06656072605647292,0.9401253093886198,0.8037593,0.8836512,0.8647022552528763,0.8902900684531636,0.30545574,-2.6363113,-2.715930661347152,-0.7393971012446704
0.4151480203231897,2.991019737699366,-0.3300983508030013,0.6303827333298802,0.5425527,0.4557183,0.5396818229949589,0.5040766095423597,-5.6464815,-3.8433158,-3.6721894944279545,-1.645254916213998
0.8885992826351373,2.332005731972253,-0.16579670434635513,0.908108054194926,0.81255645,0.8874653,0.8790913836452718,0.886524778168882,-0.54578054,-3.8430266,-3.6721894944279545,-0.9623665239853159
0.5902005209470743,3.693438673619068,-0.22228982603980366,0.6755024812773573,0.5805445,0.68564165,0.6873225438288759,0.6858413339174585,-5.2911,-2.827631,-2.5572241883464355,-0.8279049453421004
0.9244734153733406,2.9883202851425583,0.16220266081246887,0.9427014322596334,0.9319664,0.85064363,0.8604368884216548,0.8699470718313047,1.5498207,-2.3906944,-3.233248543595647,-0.4561896083654315
0.8990325834313679,3.017663575466613,0.16666744791984112,0.9433618124296321,0.9338404,0.9985383,0.9750705480417143,0.9959224482402028,1.5884184,-2.3906944,-3.233248543595647,-0.07331857677283886
0.9162029425319432,3.360337273311681,0.19108163277170265,0.9884235414925009,1.0824361,1.0488873,1.0389928598597877,1.0153773531366872,2.987194,-2.5688863,-2.145567030909596,0.9297389535421697
1.023199739192603,3.010549588538085,0.1655849982247095,0.9432014216882042,0.93334824,0.9872345,0.9565858229566465,0.9826930549324601,1.5790675,-2.3906944,-3.233248543595647,-0.15854779386214454
0.946685141864844,1.8741633253934475,-0.21191382297872838,0.9286476793169444,0.7792685,0.8080684,0.8299257808662198,0.8094221916898534,-1.9871649,-3.6347342,-3.6721894944279545,-1.0309922559535267
0.8536639707946415,2.332005731972253,-0.16579670434635513,0.8955234236778608,0.76718956,0.85631853,0.8555724094951983,0.856599590428535,-0.9937133,-3.8430266,-3.6721894944279545,-1.166556877516
1.0981566031662762,4.0929470816142,0.3344314237267357,1.0193702552114408,1.1079733,1.1954287,1.1414697592873277,1.2242507018979674,5.851042,1.6709208,1.1446355633005856,3.3106784966883294
0.9295566095620766,2.486922267691689,-0.05699881350434682,0.9117697635319094,0.8038417,0.94560987,0.9413011688450099,0.9433500021861658,0.47689456,-3.2359421,-3.3975349457947757,-0.5148629629721299
0.831160838307569,2.303625344185451,-0.05222829248791372,0.922794390133514,0.87404615,0.97043246,0.9974097848346118,0.9718397714297875,1.3934636,-3.187725,-3.376135575241719,-0.15006061830011583
1.2029967656130978,4.283708245551375,0.2757727897049572,1.0250409632320832,1.0638956,1.1531558,1.1524770867985703,1.1576023360975398,6.0409517,0.6144596,1.4194630661208454,3.742669410823836
0.8601431474440416,2.308544423220635,-0.06893689566319325,0.92308871547127,0.8623401,0.93970054,0.9548715653176708,0.9451026159403841,1.003182,-2.7818925,-3.3406261059597187,-0.47361129585398776
0.8364318290296406,2.459614314968367,-0.06121711397765373,0.9111525452285864,0.80356455,0.88841915,0.9115390534338378,0.9121058017317945,0.46175143,-3.2359421,-3.3975349457947757,-0.5903956832668749
1.2075444084103837,4.118617960196141,0.11137897584839682,1.0857740013785238,0.95625705,1.1527966,1.1054624904017536,1.1809927802571998,5.086439,0.74896026,0.6516003620704978,2.7737840886519494
0.969829796863497,3.0804380558859985,0.08526936981841232,0.946571478447951,0.8282724,0.98211277,0.9755152308426341,0.9790952860848461,2.331483,-2.5421412,-2.842585894514988,0.4016350021382022
0.8604278853261279,3.0804380558859985,0.08526936981841232,0.9339868479308857,0.9188709,0.9466449,0.9507152844584975,0.9516002236517701,0.82716197,-2.5502017,-2.842585894514988,-0.15879601084264236
0.8678832708909603,2.315075069362778,-0.06791597985742714,0.923236735745391,0.8623025,0.9562819,0.9365420062235684,0.9420135723246928,1.008465,-2.7818925,-3.3406261059597187,-0.553958635887728
1.0954324932983164,3.073190688107216,0.08416630388544522,0.9464082591996091,0.8281363,1.0664997,0.9870011327845664,1.0627907011279598,2.3234668,-2.5421412,-2.842585894514988,0.3358621186874872
0.8877876002621384,2.3443014123075256,-0.04587615098620858,0.9111295250339786,0.84538263,0.8827603,0.8818353041372802,0.8821717873238543,0.26474947,-3.1957858,-3.376135575241719,-0.8770168287676655
0.9130780953752446,2.513564896996405,0.06180744176158191,0.9394325665687716,0.80263454,0.87395984,0.9145580395451798,0.8577206626744063,0.28227514,-2.6363113,-2.7057979639886134,-0.5656615348896694
0.8936136916608681,2.332005731972253,-0.16579670434635513,0.908108054194926,0.81255645,0.8874653,0.8790913836452718,0.886524778168882,-0.54578054,-3.8430266,-3.6721894944279545,-0.9623665239853159
1.181894675176124,4.484863744037261,0.31221645100741613,1.0808629105901817,1.0965966,1.2923344,1.2376229949368562,1.2980965105204358,6.3646226,2.203233,3.746351676991469,4.955670301269785
1.0778188244106843,3.0804380558859985,0.08526936981841232,0.9339868479308857,0.9188709,0.9466449,0.9507152844584975,0.9516002236517701,0.82716197,-2.5502017,-2.842585894514988,-0.15879601084264236
1.077730021300942,2.3443014123075256,-0.04587615098620858,0.9111295250339786,0.84538263,0.8827603,0.8818353041372802,0.8821717873238543,0.26474947,-3.1957858,-3.376135575241719,-0.8770168287676655
0.8255665315460836,3.0032916011580766,0.164480646220203,0.9556226077550681,0.85159546,0.91068363,0.8990395479034509,0.9134330586998344,0.9729702,-2.382634,-3.233248543595647,-0.5682738424531854
1.1327830909739347,4.628537571704921,0.43197513418228284,1.2799513349683154,1.0930514,1.2330273,1.238476761739854,1.2679589052366183,6.2646174,1.8618494,3.746351676991469,5.191588037777345
1.0098157867243398,2.332005731972253,-0.16579670434635513,0.8955234236778608,0.76718956,0.85631853,0.8555724094951983,0.856599590428535,-0.9937133,-3.8430266,-3.6721894944279545,-1.166556877516
1.1682415601439318,3.073190688107216,0.08416630388544522,0.933823628682544,0.918213,0.84921306,0.928003496482392,0.8427641527784657,0.82212025,-2.5502017,-2.842585894514988,-0.3447821773451407
1.0023846628813016,2.521526595292204,0.06303414089871484,0.939610934084667,0.80292916,1.0868847,1.0067155623700708,1.1373048291650747,0.28799254,-2.6363113,-2.7057979639886134,-0.5881438520942335
1.0510623523173823,2.3256925454720863,-0.1667821742568683,0.8953800149060629,0.76702094,0.8837827,0.854567434390061,0.8791809936804937,-0.99857634,-3.8430266,-3.6721894944279545,-1.1633912276430445
0.9335122181632934,3.010549588538085,0.1655849982247095,0.9432014216882042,0.93334824,0.9872345,0.9565858229566465,0.9826930549324601,1.5790675,-2.3906944,-3.233248543595647,-0.15854779386214454
0.9567432529398656,3.010549588538085,0.1655849982247095,0.9557860522052694,0.8522173,0.9275973,0.9495696569312,0.9268391280429654,0.98154503,-2.382634,-3.233248543595647,-0.4450031646181401
0.7845907715269684,2.332005731972253,-0.16579670434635513,0.8955234236778608,0.76718956,0.85631853,0.8555724094951983,0.856599590428535,-0.9937133,-3.8430266,-3.6721894944279545,-1.166556877516
0.9209286161249238,2.9883202851425583,0.16220266081246887,0.9427014322596334,0.9319664,0.85064363,0.8604368884216548,0.8699470718313047,1.5498207,-2.3906944,-3.233248543595647,-0.4561896083654315
0.9850510492208228,3.017663575466613,0.16666744791984112,0.9433618124296321,0.9338404,0.9985383,0.9750705480417143,0.9959224482402028,1.5884184,-2.3906944,-3.233248543595647,-0.07331857677283886
0.9278486906521396,2.486922267691689,-0.05699881350434682,0.9243543940489746,0.8685401,0.9492023,0.9467884812637519,0.9603899003988996,1.5876106,-3.2278817,-3.3975349457947757,-0.22909796338445745
0.7632991081011741,2.332005731972253,-0.16579670434635513,0.8955234236778608,0.76718956,0.85631853,0.8555724094951983,0.856599590428535,-0.9937133,-3.8430266,-3.6721894944279545,-1.166556877516
1.163908998405523,3.2745771411345195,0.07902794090900683,0.9775058122407291,0.8578764,1.0798805,1.0708674124946895,1.0790521401588324,2.870885,-2.5412621,-2.5488094158450174,1.6754135866125774
1.122510238594653,3.849716483163297,0.18574822164136273,1.0218088251645838,1.0713681,1.1308331,1.085556349887265,1.119306605769563,5.88784,-0.13970503,1.3091099677076168,3.5772133495889102
0.959322413796418,2.6995503853002445,0.09034405791984143,0.9707036427000038,1.0778807,0.8332361,0.8449822686330645,0.8526304691195952,0.36344776,-2.6363113,-2.715930661347152,-0.6103290501903121
1.0272056077366711,3.1578957542318045,0.061230165814439096,0.972973002359464,0.84547925,1.0498501,1.0595471013398585,1.028783852363945,2.4210978,-2.7111356,-2.5488094158450174,1.3247094815448406
0.8728035660292681,2.308544423220635,-0.06893689566319325,0.9105040849542048,0.7922472,0.8934157,0.916926296060878,0.912427683104492,-0.008927971,-2.7818925,-3.3406261059597187,-0.7924868638924698
1.0761023458307155,3.826043294192848,0.2912964210686303,1.0049809354011279,1.0953734,1.1269504,1.1161239547997073,1.113856066444606,5.0132475,-0.70109236,-0.9256541685550347,2.112594762812244
1.1039804881625042,3.285291574829381,0.17960029634424723,0.9859839522499643,1.0824186,1.0502874,1.0389928598597877,1.016930693228734,2.5618834,-2.5688863,-2.145567030909596,0.8396461895079912
1.0013638602926234,2.337831192716865,-0.04688510150510816,0.9109827861800789,0.84457433,0.88888395,0.9168205829950423,0.8960965710036453,0.26191685,-3.1957858,-3.376135575241719,-0.7184545169122927
0.4204633646826952,2.991019737699366,-0.3300983508030013,0.6303827333298802,0.5425527,0.4557183,0.5396818229949589,0.5040766095423597,-5.6464815,-3.8433158,-3.6721894944279545,-1.645254916213998
0.9646687856971924,2.321489864020056,-0.06691374149540405,0.9233822992446055,0.8622654,0.89107615,0.9122184309940728,0.8944749775760816,1.0136417,-2.7818925,-3.3406261059597187,-0.47542931956179935
0.9078454877453408,2.332005731972253,-0.16579670434635513,0.908108054194926,0.81255645,0.8874653,0.8790913836452718,0.886524778168882,-0.54578054,-3.8430266,-3.6721894944279545,-0.9623665239853159
1.0936326563703158,4.3104486209621005,0.26208865416000804,1.2417302780723245,1.0748985,1.1811029,1.2211119206574286,1.181119943923528,6.217244,1.3205643,3.746351676991469,5.055910968656155
0.944163284936156,2.3018935157301463,-0.06997721866480577,0.9229381449055994,0.8623781,0.94486076,0.9516089061515012,0.9494560975446636,0.99751467,-2.7818925,-3.3406261059597187,-0.4481569427988813
1.0773480075511592,3.736218870570778,0.13457929804012686,0.9953851166073787,0.9436513,1.1204754,1.0986733584514605,1.1218269426628928,4.572958,0.19506261,0.8408628840484061,2.4705946284811593
